"2411b1a4-b014-11ea-a0a0-0a29365a243a",400,"2020-06-16 20:58:33",2020,168,20
"42cf5952-b014-11ea-ae05-0a29365a243a",200,"2020-06-16 20:59:25",2020,168,20
"1b11c96a-b017-11ea-8e82-0a29365a243a",400,"2020-06-16 21:19:47",2020,168,21
"542da18e-b020-11ea-be11-0a29365a243a",100,"2020-06-16 22:25:48",2020,168,22
"ed793686-b030-11ea-ab65-0a29365a243a",600,"2020-06-17 00:24:37",2020,169,00
"8a650428-b04c-11ea-aa96-0a29365a243a",200,"2020-06-17 03:42:17",2020,169,03
"94f5f49c-b0a6-11ea-81da-0a29365a243a",600,"2020-06-17 14:26:49",2020,169,14
"11d45db0-b0bf-11ea-8942-0a29365a243a",400,"2020-06-17 17:22:07",2020,169,17
"271618b0-bc9c-11ea-b749-0a29365a243a",500,"2020-07-02 19:42:24",2020,184,19
"b4cbe746-bdf7-11ea-8db1-0a29365a243a",300,"2020-07-04 13:10:17",2020,186,13
"c22d398a-bdf7-11ea-bc6e-0a29365a243a",600,"2020-07-04 13:10:40",2020,186,13
"21120ac0-becf-11ea-b459-0a29365a243a",400,"2020-07-05 14:52:21",2020,187,14
"cbfbe676-bee9-11ea-b1f6-0a29365a243a",600,"2020-07-05 18:03:14",2020,187,18
"057a86d6-bf95-11ea-8fe2-0a29365a243a",600,"2020-07-06 14:28:55",2020,188,14
"e4515214-bfb2-11ea-a320-0a29365a243a",600,"2020-07-06 18:02:44",2020,188,18
"6c4a34ba-c05d-11ea-a853-0a29365a243a",600,"2020-07-07 14:23:26",2020,189,14
"b61816e4-c08e-11ea-9302-0a29365a243a",1000,"2020-07-07 20:16:16",2020,189,20
"63057e20-c132-11ea-9ba1-0a29365a243a",700,"2020-07-08 15:47:54",2020,190,15
"0c301ed8-c133-11ea-ac34-0a29365a243a",600,"2020-07-08 15:52:38",2020,190,15
"a19a0902-c14c-11ea-8e96-0a29365a243a",600,"2020-07-08 18:55:46",2020,190,18
"d7c6189a-c205-11ea-9160-0a29365a243a",600,"2020-07-09 17:01:33",2020,191,17
"e99e8c8c-c205-11ea-8183-0a29365a243a",600,"2020-07-09 17:02:03",2020,191,17
"e49b4740-c21c-11ea-b158-0a29365a243a",100,"2020-07-09 19:46:33",2020,191,19
"61d6d3d2-c222-11ea-9e24-0a29365a243a",800,"2020-07-09 20:25:51",2020,191,20
"a42baab2-c251-11ea-9d08-0a29365a243a",200,"2020-07-10 02:04:09",2020,192,02
"e0637bc2-c2ab-11ea-a965-0a29365a243a",600,"2020-07-10 12:50:04",2020,192,12
"a978b940-c3ca-11ea-8b2e-0a29365a243a",600,"2020-07-11 23:02:58",2020,193,23
"0c0a507a-c482-11ea-a710-0a29365a243a",600,"2020-07-12 20:55:41",2020,194,20
"15e019b8-c482-11ea-ad25-0a29365a243a",400,"2020-07-12 20:55:58",2020,194,20
"21900bce-c4fa-11ea-aa29-0a29365a243a",1600,"2020-07-13 11:15:17",2020,195,11
"591837d2-c5c8-11ea-8f9b-0a29365a243a",800,"2020-07-14 11:51:26",2020,196,11
"f0a72358-c5e4-11ea-a195-0a29365a243a",600,"2020-07-14 15:16:06",2020,196,15
"fa11a2e0-c5fa-11ea-a4c8-0a29365a243a",400,"2020-07-14 17:53:51",2020,196,17
"458b2440-c6ae-11ea-afc2-0a29365a243a",600,"2020-07-15 15:17:18",2020,197,15
"b1165d0a-c6eb-11ea-a928-0a29365a243a",1000,"2020-07-15 22:36:57",2020,197,22
"3058266c-c77c-11ea-afe5-0a29365a243a",600,"2020-07-16 15:51:18",2020,198,15
"b014adb0-c7b5-11ea-b3a0-0a29365a243a",400,"2020-07-16 22:42:54",2020,198,22
"2bb6c3a0-c7c9-11ea-bad6-0a29365a243a",800,"2020-07-17 01:02:22",2020,199,01
"95d0c334-c932-11ea-916a-0a29365a243a",800,"2020-07-18 20:09:28",2020,200,20
"4f163f24-ca12-11ea-a74f-0a29365a243a",600,"2020-07-19 22:50:57",2020,201,22
"ff87642a-ca33-11ea-a08a-0a29365a243a",600,"2020-07-20 02:52:06",2020,202,02
"14648bac-cabb-11ea-8b27-0a29365a243a",800,"2020-07-20 18:59:03",2020,202,18
"3bc70046-cae6-11ea-a13d-0a29365a243a",600,"2020-07-21 00:07:58",2020,203,00
"53c48cba-cb70-11ea-af27-0a29365a243a",600,"2020-07-21 16:36:29",2020,203,16
"2514effc-cb9a-11ea-b9a8-0a29365a243a",1000,"2020-07-21 21:35:49",2020,203,21
"8fe49eda-cc27-11ea-bfb8-0a29365a243a",600,"2020-07-22 14:28:07",2020,204,14
"6592b08a-cc3c-11ea-9ed4-0a29365a243a",600,"2020-07-22 16:57:16",2020,204,16
"11a9e354-cc77-11ea-b961-0a29365a243a",600,"2020-07-22 23:57:15",2020,204,23
"5ae69faa-cce3-11ea-ab37-0a29365a243a",600,"2020-07-23 12:52:24",2020,205,12
"9f287056-cd3a-11ea-a67f-0a29365a243a",800,"2020-07-23 23:17:05",2020,205,23
"7a13e39e-cf5c-11ea-b600-0a29365a243a",800,"2020-07-26 16:24:28",2020,208,16
"91535562-cf5c-11ea-9181-0a29365a243a",1000,"2020-07-26 16:25:07",2020,208,16
"c4716510-cf5c-11ea-9093-0a29365a243a",800,"2020-07-26 16:26:32",2020,208,16
"f1eb2a8c-d05e-11ea-a983-0a29365a243a",800,"2020-07-27 23:14:39",2020,209,23
"30f1ec00-d075-11ea-b71d-0a29365a243a",600,"2020-07-28 01:53:53",2020,210,01
"05aafd52-d110-11ea-8fe6-0a29365a243a",800,"2020-07-28 20:22:13",2020,210,20
"94a1a00a-d12a-11ea-845e-0a29365a243a",100,"2020-07-28 23:32:20",2020,210,23
"e23377d2-d1c3-11ea-9db4-0a29365a243a",600,"2020-07-29 17:49:43",2020,211,17
"fc5c3586-d1c3-11ea-a1bf-0a29365a243a",800,"2020-07-29 17:50:27",2020,211,17
"d95161aa-d1dd-11ea-aa5d-0a29365a243a",600,"2020-07-29 20:55:35",2020,211,20
"50147b16-d20a-11ea-8d5e-0a29365a243a",800,"2020-07-30 02:13:52",2020,212,02
"52b19f34-d20a-11ea-be2c-0a29365a243a",800,"2020-07-30 02:13:56",2020,212,02
"499ca630-d27a-11ea-b462-0a29365a243a",800,"2020-07-30 15:35:25",2020,212,15
"d0742c3a-d36c-11ea-b362-0a29365a243a",800,"2020-07-31 20:31:29",2020,213,20
"e32d964a-d36c-11ea-b2b6-0a29365a243a",1000,"2020-07-31 20:32:00",2020,213,20
"e4eb128a-d4ea-11ea-a7dd-0a29365a243a",1300,"2020-08-02 18:06:31",2020,215,18
"bc779d20-d524-11ea-b4ca-0a29365a243a",800,"2020-08-03 01:00:34",2020,216,01
"c3c347fa-d524-11ea-9081-0a29365a243a",0,"2020-08-03 01:00:46",2020,216,01
"f66a7bf6-d597-11ea-ae9b-0a29365a243a",600,"2020-08-03 14:45:23",2020,216,14
"396f8b48-d5a8-11ea-aead-0a29365a243a",800,"2020-08-03 16:41:48",2020,216,16
"caa08f02-d6bd-11ea-a42d-0a29365a243a",1200,"2020-08-05 01:48:42",2020,218,01
"3b992202-d720-11ea-9f49-0a29365a243a",100,"2020-08-05 13:33:22",2020,218,13
"69d156ca-d74e-11ea-be8a-0a29365a243a",800,"2020-08-05 19:03:57",2020,218,19
"b8e97ad6-d752-11ea-9199-0a29365a243a",100,"2020-08-05 19:34:47",2020,218,19
"bcdc149a-d7f8-11ea-a020-0a29365a243a",600,"2020-08-06 15:23:10",2020,219,15
"a48b19f2-d80e-11ea-929e-0a29365a243a",1000,"2020-08-06 17:59:58",2020,219,17
"a300adc8-d83a-11ea-9b36-0a29365a243a",600,"2020-08-06 23:14:54",2020,219,23
"2939a0b4-d856-11ea-9038-0a29365a243a",200,"2020-08-07 02:31:55",2020,220,02
"7c3428e8-d8ba-11ea-96da-0a29365a243a",1150,"2020-08-07 14:30:04",2020,220,14
"8bd8a0bc-d8e2-11ea-add0-0a29365a243a",400,"2020-08-07 19:16:50",2020,220,19
"b8f7f47c-d909-11ea-b003-0a29365a243a",260,"2020-08-07 23:57:16",2020,220,23
"76bbcb1c-d911-11ea-b1da-0a29365a243a",400,"2020-08-08 00:52:41",2020,221,00
"bd3c9aee-d9ca-11ea-822b-0a29365a243a",2000,"2020-08-08 22:58:56",2020,221,22
"ca6c1ad2-d9ca-11ea-b343-0a29365a243a",400,"2020-08-08 22:59:19",2020,221,22
"7e8317fc-da87-11ea-8a5f-0a29365a243a",600,"2020-08-09 21:30:06",2020,222,21
"868b47f8-da87-11ea-b49d-0a29365a243a",800,"2020-08-09 21:30:20",2020,222,21
"b29c0384-db2a-11ea-af9e-0a29365a243a",600,"2020-08-10 16:58:21",2020,223,16
"5232f136-db3b-11ea-a584-0a29365a243a",800,"2020-08-10 18:57:21",2020,223,18
"d7362a08-db61-11ea-a2b3-0a29365a243a",600,"2020-08-10 23:33:05",2020,223,23
"d275f176-db73-11ea-8f5b-0a29365a243a",400,"2020-08-11 01:41:48",2020,224,01
"8617e9e8-db7c-11ea-8d56-0a29365a243a",600,"2020-08-11 02:44:06",2020,224,02
"2b6e0f02-dbfb-11ea-81f3-0a29365a243a",600,"2020-08-11 17:50:40",2020,224,17
"b159c09c-dc01-11ea-b60d-0a29365a243a",800,"2020-08-11 18:37:21",2020,224,18
"ad6fbbf6-dc30-11ea-ad85-0a29365a243a",200,"2020-08-12 00:13:41",2020,225,00
"363937be-dc3b-11ea-b57e-0a29365a243a",400,"2020-08-12 01:29:05",2020,225,01
"d233a352-dcae-11ea-939c-0a29365a243a",600,"2020-08-12 15:16:39",2020,225,15
"d2a637ca-dcc5-11ea-ada0-0a29365a243a",800,"2020-08-12 18:01:18",2020,225,18
"e173eeae-dccb-11ea-a934-0a29365a243a",200,"2020-08-12 18:44:40",2020,225,18
"dd1dd0c2-dd11-11ea-bf0a-0a29365a243a",600,"2020-08-13 03:05:38",2020,226,03
"16bd5a5e-dd81-11ea-8c4f-0a29365a243a",400,"2020-08-13 16:21:49",2020,226,16
"33384966-dd98-11ea-acc5-0a29365a243a",800,"2020-08-13 19:07:15",2020,226,19
"169293c4-de39-11ea-81e3-0a29365a243a",400,"2020-08-14 14:18:56",2020,227,14
"21bab70e-de39-11ea-989e-0a29365a243a",400,"2020-08-14 14:19:14",2020,227,14
"d70493f2-de4b-11ea-afd0-0a29365a243a",200,"2020-08-14 16:33:09",2020,227,16
"a3bf5538-de76-11ea-84a6-0a29365a243a",1000,"2020-08-14 21:39:32",2020,227,21
"5d672812-de9f-11ea-a442-0a29365a243a",200,"2020-08-15 02:31:03",2020,228,02
"1c09dbbc-df4e-11ea-a6ef-0a29365a243a",400,"2020-08-15 23:21:55",2020,228,23
"26456038-df4e-11ea-8558-0a29365a243a",600,"2020-08-15 23:22:13",2020,228,23
"d8cbd908-dffd-11ea-b491-0a29365a243a",600,"2020-08-16 20:19:54",2020,229,20
"e63e2b2c-dffd-11ea-b7ab-0a29365a243a",600,"2020-08-16 20:20:17",2020,229,20
"9046766e-e027-11ea-b3e3-0a29365a243a",800,"2020-08-17 01:18:31",2020,230,01
"0ed38658-e0b8-11ea-b0bf-0a29365a243a",1000,"2020-08-17 18:32:51",2020,230,18
"8ab31ebc-e0d3-11ea-97b6-0a29365a243a",800,"2020-08-17 21:49:35",2020,230,21
"5851ff48-e15e-11ea-be0e-0a29365a243a",600,"2020-08-18 14:23:11",2020,231,14
"40d524c8-e184-11ea-b0b4-0a29365a243a",800,"2020-08-18 18:54:32",2020,231,18
"949013ce-e18a-11ea-88ec-0a29365a243a",100,"2020-08-18 19:39:50",2020,231,19
"aa742dee-e18d-11ea-842a-0a29365a243a",600,"2020-08-18 20:01:55",2020,231,20
"db5070f0-e190-11ea-912a-0a29365a243a",500,"2020-08-18 20:24:45",2020,231,20
"475a18d6-e1a1-11ea-a768-0a29365a243a",500,"2020-08-18 22:22:19",2020,231,22
"2b298c74-e1c8-11ea-8ce9-0a29365a243a",400,"2020-08-19 03:00:42",2020,232,03
"dea8d04c-e21e-11ea-98b7-0a29365a243a",600,"2020-08-19 13:21:20",2020,232,13
"a186eff0-e237-11ea-9262-0a29365a243a",800,"2020-08-19 16:18:34",2020,232,16
"3d5c7cee-e263-11ea-b088-0a29365a243a",800,"2020-08-19 21:30:44",2020,232,21
"c7a182b0-e2e9-11ea-a7e6-0a29365a243a",100,"2020-08-20 13:33:49",2020,233,13
"53d11352-e2f1-11ea-8cff-0a29365a243a",800,"2020-08-20 14:27:50",2020,233,14
"91a2bb1e-e322-11ea-9a44-0a29365a243a",600,"2020-08-20 20:20:19",2020,233,20
"783f1dfc-e34a-11ea-9fd8-0a29365a243a",600,"2020-08-21 01:05:57",2020,234,01
"4cb58e84-e361-11ea-b984-0a29365a243a",400,"2020-08-21 03:49:22",2020,234,03
"3a677ece-e3be-11ea-86c1-0a29365a243a",600,"2020-08-21 14:54:35",2020,234,14
"519bd34a-e3ed-11ea-a21e-0a29365a243a",800,"2020-08-21 20:31:40",2020,234,20
"5c798e10-e3ed-11ea-9c91-0a29365a243a",400,"2020-08-21 20:31:58",2020,234,20
"aa8b8f8a-e60a-11ea-b6c6-0a29365a243a",600,"2020-08-24 13:06:47",2020,237,13
"cfb0c6e0-e60a-11ea-82bd-0a29365a243a",100,"2020-08-24 13:07:49",2020,237,13
"db696424-e60a-11ea-b1c0-0a29365a243a",600,"2020-08-24 13:08:09",2020,237,13
"e7a31c9e-e60a-11ea-9ac4-0a29365a243a",240,"2020-08-24 13:08:29",2020,237,13
"23cd74e0-e619-11ea-809d-0a29365a243a",400,"2020-08-24 14:50:23",2020,237,14
"c15818be-e64b-11ea-b535-0a29365a243a",600,"2020-08-24 20:52:42",2020,237,20
"6e62038e-e6de-11ea-aa92-0a29365a243a",400,"2020-08-25 14:22:39",2020,238,14
"75a2068a-e6de-11ea-ab39-0a29365a243a",400,"2020-08-25 14:22:51",2020,238,14
"4e9f1dd8-e7bb-11ea-9169-0a29365a243a",600,"2020-08-26 16:43:45",2020,239,16
"585c8360-e7bb-11ea-8f20-0a29365a243a",600,"2020-08-26 16:44:01",2020,239,16
"ba8a005c-e7d0-11ea-a0b1-0a29365a243a",400,"2020-08-26 19:17:05",2020,239,19
"7e19c930-e876-11ea-a905-0a29365a243a",800,"2020-08-27 15:03:40",2020,240,15
"4a4513dc-e879-11ea-b983-0a29365a243a",600,"2020-08-27 15:23:42",2020,240,15
"34321e64-e897-11ea-ac09-0a29365a243a",800,"2020-08-27 18:57:50",2020,240,18
"64ad3bf0-e932-11ea-ba9d-0a29365a243a",200,"2020-08-28 13:28:43",2020,241,13
"b828f62a-e94b-11ea-9194-0a29365a243a",400,"2020-08-28 16:30:00",2020,241,16
"c60582b8-e94b-11ea-ac41-0a29365a243a",200,"2020-08-28 16:30:24",2020,241,16
"d1c7bf5e-ea2b-11ea-9f7f-0a29365a243a",600,"2020-08-29 19:14:11",2020,242,19
"dd0c668a-ea2b-11ea-a376-0a29365a243a",800,"2020-08-29 19:14:30",2020,242,19
"ecea2128-ea2b-11ea-903d-0a29365a243a",600,"2020-08-29 19:14:56",2020,242,19
"42b22f8c-eacd-11ea-bad6-0a29365a243a",400,"2020-08-30 14:29:49",2020,243,14
"e5d0c0b6-eae1-11ea-b057-0a29365a243a",100,"2020-08-30 16:57:33",2020,243,16
"786505da-eb9c-11ea-822b-0a29365a243a",520,"2020-08-31 15:13:05",2020,244,15
"850afa06-eb9c-11ea-a562-0a29365a243a",800,"2020-08-31 15:13:26",2020,244,15
"d39d9b64-eb9d-11ea-b1d6-0a29365a243a",600,"2020-08-31 15:22:48",2020,244,15
"4017a762-ebad-11ea-8e6a-0a29365a243a",800,"2020-08-31 17:13:12",2020,244,17
"111b7d64-ebdd-11ea-929b-0a29365a243a",1000,"2020-08-31 22:55:29",2020,244,22
"e973c5ee-ec65-11ea-ad01-0a29365a243a",800,"2020-09-01 15:15:04",2020,245,15
"d1034fd2-ec8a-11ea-85da-0a29365a243a",800,"2020-09-01 19:39:14",2020,245,19
"499c6356-ecc3-11ea-9f04-0a29365a243a",800,"2020-09-02 02:23:28",2020,246,02
"80cb599c-ed25-11ea-81b0-0a29365a243a",600,"2020-09-02 14:06:31",2020,246,14
"05f46d18-ed83-11ea-af35-0a29365a243a",800,"2020-09-03 01:15:58",2020,247,01
"138ba400-ed83-11ea-a091-0a29365a243a",600,"2020-09-03 01:16:21",2020,247,01
"2550e934-ed83-11ea-9f7f-0a29365a243a",800,"2020-09-03 01:16:51",2020,247,01
"30e211ec-ed83-11ea-b4c0-0a29365a243a",100,"2020-09-03 01:17:10",2020,247,01
"3aa25494-ed83-11ea-8271-0a29365a243a",400,"2020-09-03 01:17:26",2020,247,01
"1d67483c-ede0-11ea-8d73-0a29365a243a",600,"2020-09-03 12:22:20",2020,247,12
"c731f88e-edf5-11ea-afb0-0a29365a243a",400,"2020-09-03 14:57:25",2020,247,14
"9dfe2d5c-ee36-11ea-948b-0a29365a243a",600,"2020-09-03 22:41:33",2020,247,22
"d607e6e4-eec1-11ea-815e-0a29365a243a",600,"2020-09-04 15:18:07",2020,248,15
"0c949f22-eee5-11ea-8a60-0a29365a243a",600,"2020-09-04 19:30:11",2020,248,19
"f95869ee-ef06-11ea-a12b-0a29365a243a",800,"2020-09-04 23:33:02",2020,248,23
"eb66b18a-f049-11ea-b1b5-0a29365a243a",3600,"2020-09-06 14:04:46",2020,250,14
"7a1618e8-f0a0-11ea-92c2-0a29365a243a",800,"2020-09-07 00:24:22",2020,251,00
"940518bc-f0a0-11ea-b8bd-0a29365a243a",1520,"2020-09-07 00:25:05",2020,251,00
"a4282b12-f0a0-11ea-8e69-0a29365a243a",1200,"2020-09-07 00:25:32",2020,251,00
"6b71505e-f164-11ea-ab68-0a29365a243a",1700,"2020-09-07 23:46:58",2020,251,23
"6f75c462-f1e3-11ea-842f-0a29365a243a",600,"2020-09-08 14:56:11",2020,252,14
"f45c55c8-f20c-11ea-b565-0a29365a243a",800,"2020-09-08 19:53:24",2020,252,19
"ff4a465c-f20c-11ea-8693-0a29365a243a",800,"2020-09-08 19:53:42",2020,252,19
"017f3880-f247-11ea-b927-0a29365a243a",400,"2020-09-09 02:48:56",2020,253,02
"94898f1c-f24d-11ea-b9e1-0a29365a243a",400,"2020-09-09 03:36:00",2020,253,03
"3085570e-f2b0-11ea-908e-0a29365a243a",600,"2020-09-09 15:21:53",2020,253,15
"5e8f0178-f2be-11ea-ba87-0a29365a243a",600,"2020-09-09 17:03:23",2020,253,17
"d23bde98-f2d7-11ea-a01d-0a29365a243a",600,"2020-09-09 20:05:34",2020,253,20
"13a36d42-f378-11ea-9d8d-0a29365a243a",800,"2020-09-10 15:12:43",2020,254,15
"f15b886c-f383-11ea-a154-0a29365a243a",600,"2020-09-10 16:37:40",2020,254,16
"43866e90-f398-11ea-827f-0a29365a243a",600,"2020-09-10 19:03:08",2020,254,19
"c6c6f62e-f3bd-11ea-a014-0a29365a243a",800,"2020-09-10 23:31:39",2020,254,23
"db2471f4-f3dc-11ea-b3eb-0a29365a243a",1000,"2020-09-11 03:14:08",2020,255,03
"6391e906-f444-11ea-9225-0a29365a243a",400,"2020-09-11 15:35:15",2020,255,15
"6a575866-f444-11ea-93ac-0a29365a243a",400,"2020-09-11 15:35:26",2020,255,15
"97edefc6-f45b-11ea-a05f-0a29365a243a",600,"2020-09-11 18:21:21",2020,255,18
"17def912-f463-11ea-a234-0a29365a243a",200,"2020-09-11 19:15:02",2020,255,19
"7fc662ca-f5d2-11ea-b7d7-0a29365a243a",600,"2020-09-13 15:05:02",2020,257,15
"899daccc-f5d2-11ea-b30c-0a29365a243a",800,"2020-09-13 15:05:18",2020,257,15
"d7e3bea2-f5ec-11ea-8731-0a29365a243a",700,"2020-09-13 18:13:37",2020,257,18
"09d32b6c-fba3-11ea-9aa4-0a29365a243a",800,"2020-09-21 00:40:25",2020,265,00
"16ec970c-fba3-11ea-8a48-0a29365a243a",800,"2020-09-21 00:40:47",2020,265,00
"d1c65f60-fc14-11ea-8ec5-0a29365a243a",800,"2020-09-21 14:14:53",2020,265,14
"c231b8b0-fc5a-11ea-b5fd-0a29365a243a",600,"2020-09-21 22:35:32",2020,265,22
"cb94a796-fc5a-11ea-9bb2-0a29365a243a",600,"2020-09-21 22:35:48",2020,265,22
"2e043a8a-fced-11ea-bdb2-0a29365a243a",800,"2020-09-22 16:03:39",2020,266,16
"d57c6276-fd18-11ea-98cb-0a29365a243a",800,"2020-09-22 21:16:09",2020,266,21
"dfcee74e-fd18-11ea-b8b8-0a29365a243a",800,"2020-09-22 21:16:26",2020,266,21
"ff8eb3be-fe0f-11ea-88ff-0a29365a243a",600,"2020-09-24 02:45:25",2020,268,02
"1a711d66-fe10-11ea-9cd7-0a29365a243a",800,"2020-09-24 02:46:10",2020,268,02
"270417b8-fe10-11ea-8f8c-0a29365a243a",1000,"2020-09-24 02:46:31",2020,268,02
"6509b7d4-fe79-11ea-b04b-0a29365a243a",800,"2020-09-24 15:19:52",2020,268,15
"d732124a-fedb-11ea-b1f2-0a29365a243a",1200,"2020-09-25 03:04:34",2020,269,03
"84bd2ee2-ff61-11ea-a9bb-0a29365a243a",1000,"2020-09-25 19:01:29",2020,269,19
"540e8800-0032-11eb-945e-0a29365a243a",1600,"2020-09-26 19:56:12",2020,270,19
"ed745672-0042-11eb-ad6f-0a29365a243a",1000,"2020-09-26 21:55:01",2020,270,21
"ab23817e-00cb-11eb-8228-0a29365a243a",1000,"2020-09-27 14:13:51",2020,271,14
"c7367874-019a-11eb-aa4e-0a29365a243a",800,"2020-09-28 14:56:24",2020,272,14
"049c9374-019b-11eb-94e2-0a29365a243a",12000,"2020-09-28 14:58:07",2020,272,14
"8bac4ecc-019b-11eb-a51b-0a29365a243a",800,"2020-09-28 15:01:53",2020,272,15
"c249d4dc-0258-11eb-94e0-0a29365a243a",1800,"2020-09-29 13:36:20",2020,273,13
"ca77968a-0258-11eb-8ed4-0a29365a243a",600,"2020-09-29 13:36:34",2020,273,13
"b0fd7eb2-0321-11eb-a1f6-0a29365a243a",1200,"2020-09-30 13:34:40",2020,274,13
"b288d93a-032f-11eb-80fe-0a29365a243a",500,"2020-09-30 15:14:55",2020,274,15
"ee57542c-0344-11eb-a499-0a29365a243a",800,"2020-09-30 17:46:55",2020,274,17
"f74dbe18-036c-11eb-b58d-0a29365a243a",800,"2020-09-30 22:33:30",2020,274,22
"c8e75b76-03f6-11eb-ac2a-0a29365a243a",400,"2020-10-01 15:00:03",2020,275,15
"b2825c94-03f8-11eb-ae5d-0a29365a243a",100,"2020-10-01 15:13:44",2020,275,15
"aa3279fa-0418-11eb-b3b0-0a29365a243a",800,"2020-10-01 19:02:34",2020,275,19
"2c05439a-05ae-11eb-8b58-0a29365a243a",800,"2020-10-03 19:25:18",2020,277,19
"4768029e-05ae-11eb-8d22-0a29365a243a",800,"2020-10-03 19:26:04",2020,277,19
"8e8ff3de-05ae-11eb-8cb9-0a29365a243a",1000,"2020-10-03 19:28:03",2020,277,19
"be0c35c8-05ae-11eb-8d78-0a29365a243a",1000,"2020-10-03 19:29:23",2020,277,19
"f08f6f92-05ae-11eb-bda1-0a29365a243a",800,"2020-10-03 19:30:48",2020,277,19
"5f7a0278-0717-11eb-8e94-0a29365a243a",2400,"2020-10-05 14:30:53",2020,279,14
"6b8ac46c-0717-11eb-b8b8-0a29365a243a",800,"2020-10-05 14:31:13",2020,279,14
"9b7555c4-0722-11eb-bed5-0a29365a243a",400,"2020-10-05 15:51:18",2020,279,15
"06fb44a8-0745-11eb-ac71-0a29365a243a",400,"2020-10-05 19:57:41",2020,279,19
"992998ce-0831-11eb-8818-0a29365a243a",400,"2020-10-07 00:11:08",2020,281,00
"a49f575c-0831-11eb-a405-0a29365a243a",800,"2020-10-07 00:11:27",2020,281,00
"aae15688-0831-11eb-a4ed-0a29365a243a",600,"2020-10-07 00:11:37",2020,281,00
"b12e1364-0831-11eb-9b7f-0a29365a243a",400,"2020-10-07 00:11:48",2020,281,00
"e112ef5a-08e0-11eb-802e-0a29365a243a",800,"2020-10-07 21:05:50",2020,281,21
"eb89d2be-08e0-11eb-90b0-0a29365a243a",800,"2020-10-07 21:06:08",2020,281,21
"01804062-08e1-11eb-8246-0a29365a243a",750,"2020-10-07 21:06:45",2020,281,21
"b981ee2c-097c-11eb-838c-0a29365a243a",600,"2020-10-08 15:41:25",2020,282,15
"c3b7824e-097c-11eb-965c-0a29365a243a",700,"2020-10-08 15:41:42",2020,282,15
"cd5e71a4-097c-11eb-8768-0a29365a243a",400,"2020-10-08 15:41:59",2020,282,15
"cc824836-09af-11eb-ba1b-0a29365a243a",800,"2020-10-08 21:47:01",2020,282,21
"6ed66194-0a5f-11eb-b328-0a29365a243a",800,"2020-10-09 18:44:16",2020,283,18
"833c1926-0a5f-11eb-a956-0a29365a243a",1000,"2020-10-09 18:44:50",2020,283,18
"82625fae-0bf6-11eb-bcf7-0a29365a243a",800,"2020-10-11 19:18:14",2020,285,19
"9954e434-0bf6-11eb-bc99-0a29365a243a",800,"2020-10-11 19:18:52",2020,285,19
"b9280192-0bf6-11eb-a6f7-0a29365a243a",100,"2020-10-11 19:19:46",2020,285,19
"286f2992-0cc2-11eb-b6b2-0a29365a243a",800,"2020-10-12 19:36:00",2020,286,19
"30100c5c-0cc2-11eb-beee-0a29365a243a",800,"2020-10-12 19:36:13",2020,286,19
"36d09c14-0cc2-11eb-8551-0a29365a243a",400,"2020-10-12 19:36:24",2020,286,19
"89f27574-0d63-11eb-a0e9-0a29365a243a",800,"2020-10-13 14:51:13",2020,287,14
"95d0d62e-0d63-11eb-a311-0a29365a243a",600,"2020-10-13 14:51:33",2020,287,14
"e85013e8-0dc6-11eb-9c01-0a29365a243a",800,"2020-10-14 02:42:31",2020,288,02
"cc7a097a-0e30-11eb-b6ee-0a29365a243a",100,"2020-10-14 15:20:31",2020,288,15
"12018e94-0e38-11eb-adcd-0a29365a243a",200,"2020-10-14 16:12:34",2020,288,16
"b4df6300-0ef8-11eb-970f-0a29365a243a",800,"2020-10-15 15:11:31",2020,289,15
"948c6eae-0f0c-11eb-94fa-0a29365a243a",800,"2020-10-15 17:33:47",2020,289,17
"97eb947c-0f29-11eb-9db6-0a29365a243a",600,"2020-10-15 21:01:28",2020,289,21
"72823e82-0fbc-11eb-a065-0a29365a243a",600,"2020-10-16 14:32:41",2020,290,14
"542cd568-0fc7-11eb-8b2b-0a29365a243a",400,"2020-10-16 15:50:35",2020,290,15
"2730714c-0fd5-11eb-bdce-0a29365a243a",400,"2020-10-16 17:29:32",2020,290,17
"f7f84264-0fe4-11eb-9b86-0a29365a243a",800,"2020-10-16 19:22:45",2020,290,19
"589d746e-121e-11eb-af6c-0a29365a243a",1000,"2020-10-19 15:18:30",2020,293,15
"63b3b278-121e-11eb-8801-0a29365a243a",800,"2020-10-19 15:18:49",2020,293,15
"6dce29fa-121e-11eb-95bb-0a29365a243a",800,"2020-10-19 15:19:06",2020,293,15
"7916a878-121e-11eb-89b9-0a29365a243a",800,"2020-10-19 15:19:25",2020,293,15
"857ea264-121e-11eb-bc65-0a29365a243a",800,"2020-10-19 15:19:46",2020,293,15
"d401e350-123d-11eb-96cf-0a29365a243a",800,"2020-10-19 19:03:52",2020,293,19
"03e5bdfc-1249-11eb-82a4-0a29365a243a",300,"2020-10-19 20:23:57",2020,293,20
"9d8e2982-12f1-11eb-b745-0a29365a243a",800,"2020-10-20 16:30:50",2020,294,16
"31715652-1319-11eb-8a65-0a29365a243a",800,"2020-10-20 21:14:08",2020,294,21
"533f4676-1333-11eb-b388-0a29365a243a",400,"2020-10-21 00:21:12",2020,295,00
"c75ebd26-133c-11eb-8682-0a29365a243a",800,"2020-10-21 01:28:52",2020,295,01
"34f1d58e-13ca-11eb-a2e4-0a29365a243a",800,"2020-10-21 18:21:15",2020,295,18
"40a62132-13ca-11eb-ba57-0a29365a243a",800,"2020-10-21 18:21:35",2020,295,18
"47061622-13ca-11eb-aafa-0a29365a243a",600,"2020-10-21 18:21:46",2020,295,18
"8e054fb0-13e4-11eb-863d-0a29365a243a",400,"2020-10-21 21:29:52",2020,295,21
"f8c214b6-149b-11eb-a565-0a29365a243a",800,"2020-10-22 19:22:49",2020,296,19
"feb4569a-149b-11eb-8f1e-0a29365a243a",800,"2020-10-22 19:22:59",2020,296,19
"c979296e-153c-11eb-992e-0a29365a243a",800,"2020-10-23 14:33:58",2020,297,14
"4cad92f0-1544-11eb-807d-0a29365a243a",1000,"2020-10-23 15:27:45",2020,297,15
"80fcbde4-1565-11eb-b7f9-0a29365a243a",800,"2020-10-23 19:25:26",2020,297,19
"6916cd62-1657-11eb-895b-0a29365a243a",800,"2020-10-25 00:17:04",2020,299,00
"924bc17e-1657-11eb-b08e-0a29365a243a",1000,"2020-10-25 00:18:13",2020,299,00
"a2850b18-1657-11eb-a9de-0a29365a243a",800,"2020-10-25 00:18:40",2020,299,00
"94063ef4-1733-11eb-b8f1-0a29365a243a",800,"2020-10-26 02:33:05",2020,300,02
"9d402408-1733-11eb-bcd6-0a29365a243a",800,"2020-10-26 02:33:21",2020,300,02
"a73a9984-1733-11eb-93bf-0a29365a243a",800,"2020-10-26 02:33:38",2020,300,02
"b83dbfd6-1733-11eb-8fc6-0a29365a243a",1000,"2020-10-26 02:34:06",2020,300,02
"53535b74-1799-11eb-a2ff-0a29365a243a",800,"2020-10-26 14:41:26",2020,300,14
"fffa7a72-17be-11eb-9f1e-0a29365a243a",800,"2020-10-26 19:11:07",2020,300,19
"aee15f32-17f2-11eb-984f-0a29365a243a",800,"2020-10-27 01:21:04",2020,301,01
"3e58cc08-183a-11eb-8e2d-0a29365a243a",800,"2020-10-27 09:53:19",2020,301,09
"496163da-183a-11eb-a6e6-0a29365a243a",800,"2020-10-27 09:53:38",2020,301,09
"a1cdc41c-1850-11eb-9dfe-0a29365a243a",600,"2020-10-27 12:33:35",2020,301,12
"f2e688bc-1868-11eb-96f4-0a29365a243a",600,"2020-10-27 15:27:39",2020,301,15
"a3ce9c98-1885-11eb-ae12-0a29365a243a",400,"2020-10-27 18:53:02",2020,301,18
"b1d3d1e2-192e-11eb-a807-0a29365a243a",1400,"2020-10-28 15:03:10",2020,302,15
"bb86b902-192e-11eb-8413-0a29365a243a",800,"2020-10-28 15:03:27",2020,302,15
"eaf66f62-1955-11eb-8e0a-0a29365a243a",400,"2020-10-28 19:43:56",2020,302,19
"8755f1b0-1966-11eb-963a-0a29365a243a",1000,"2020-10-28 21:42:51",2020,302,21
"461df01c-1a2e-11eb-aca2-0a29365a243a",500,"2020-10-29 21:32:41",2020,303,21
"5454a446-1a2e-11eb-b551-0a29365a243a",400,"2020-10-29 21:33:05",2020,303,21
"6116a7ec-1a2e-11eb-9e5f-0a29365a243a",800,"2020-10-29 21:33:26",2020,303,21
"6aaefd54-1a2e-11eb-94da-0a29365a243a",1000,"2020-10-29 21:33:42",2020,303,21
"e3273cae-1ac6-11eb-89ad-0a29365a243a",600,"2020-10-30 15:45:08",2020,304,15
"e8664700-1ac6-11eb-889e-0a29365a243a",400,"2020-10-30 15:45:16",2020,304,15
"44fa7a8c-1adf-11eb-b0a3-0a29365a243a",1000,"2020-10-30 18:39:40",2020,304,18
"a2968766-1b08-11eb-a4dc-0a29365a243a",800,"2020-10-30 23:35:46",2020,304,23
"0e23eb30-1d2b-11eb-96a3-0a29365a243a",800,"2020-11-02 16:47:12",2020,307,16
"100c7232-1d3a-11eb-842f-0a29365a243a",400,"2020-11-02 18:34:37",2020,307,18
"b89b9f42-1e0f-11eb-b2dc-0a29365a243a",800,"2020-11-03 20:04:03",2020,308,20
"c2dd06c6-1e0f-11eb-976d-0a29365a243a",600,"2020-11-03 20:04:20",2020,308,20
"dacac7ec-1ea4-11eb-896b-0a29365a243a",1000,"2020-11-04 13:51:35",2020,309,13
"e61320b6-1f7d-11eb-a431-0a29365a243a",800,"2020-11-05 15:45:15",2020,310,15
"bd24103a-1f95-11eb-9376-0a29365a243a",1000,"2020-11-05 18:35:54",2020,310,18
"3689c8c0-1faf-11eb-9ee4-0a29365a243a",1000,"2020-11-05 21:38:15",2020,310,21
"4a59eb26-2047-11eb-b28c-0a29365a243a",400,"2020-11-06 15:46:52",2020,311,15
"56613e06-2047-11eb-8b50-0a29365a243a",800,"2020-11-06 15:47:12",2020,311,15
"d55814a8-221a-11eb-9574-0a29365a243a",400,"2020-11-08 23:33:40",2020,313,23
"dd73643a-221a-11eb-b792-0a29365a243a",400,"2020-11-08 23:33:54",2020,313,23
"e540f056-221a-11eb-be61-0a29365a243a",1000,"2020-11-08 23:34:07",2020,313,23
"641ed9f2-2297-11eb-a4ee-0a29365a243a",800,"2020-11-09 14:25:18",2020,314,14
"3bb36d3a-22cd-11eb-85ae-0a29365a243a",1050,"2020-11-09 20:50:43",2020,314,20
"c0a0f1be-2365-11eb-90df-0a29365a243a",600,"2020-11-10 15:02:29",2020,315,15
"cb1f00d6-2365-11eb-a857-0a29365a243a",800,"2020-11-10 15:02:47",2020,315,15
"9cdeca64-239f-11eb-9411-0a29365a243a",600,"2020-11-10 21:56:40",2020,315,21
"8a2c9b7e-242d-11eb-889c-0a29365a243a",1000,"2020-11-11 14:52:37",2020,316,14
"96860086-242d-11eb-b184-0a29365a243a",900,"2020-11-11 14:52:58",2020,316,14
"c3c2c8e6-2454-11eb-b324-0a29365a243a",1000,"2020-11-11 19:33:24",2020,316,19
"e04ce4fa-246e-11eb-8cbc-0a29365a243a",1000,"2020-11-11 22:40:19",2020,316,22
"3739c7a2-2509-11eb-a8ab-0a29365a243a",1000,"2020-11-12 17:05:07",2020,317,17
"dbfa478c-28ef-11eb-8aea-0a29365a243a",600,"2020-11-17 16:13:41",2020,322,16
"d117159a-2901-11eb-84c9-0a29365a243a",600,"2020-11-17 18:22:14",2020,322,18
"cccc07ac-2951-11eb-ac16-0a29365a243a",400,"2020-11-18 03:54:46",2020,323,03
"d64179e8-2951-11eb-a4c8-0a29365a243a",200,"2020-11-18 03:55:02",2020,323,03
"6a00b1d6-29c4-11eb-b086-0a29365a243a",600,"2020-11-18 17:35:13",2020,323,17
"76239154-29c4-11eb-8581-0a29365a243a",600,"2020-11-18 17:35:33",2020,323,17
"1c55442c-2a02-11eb-8457-0a29365a243a",1000,"2020-11-19 00:56:51",2020,324,00
"d70f7684-2aa2-11eb-9cec-0a29365a243a",600,"2020-11-19 20:07:24",2020,324,20
"e3380e8a-2aa2-11eb-a141-0a29365a243a",600,"2020-11-19 20:07:45",2020,324,20
"eb869034-2aa2-11eb-b258-0a29365a243a",400,"2020-11-19 20:07:58",2020,324,20
"b5bf1f96-2b44-11eb-8a83-0a29365a243a",400,"2020-11-20 15:26:07",2020,325,15
"bb2052ca-2b44-11eb-9f97-0a29365a243a",400,"2020-11-20 15:26:16",2020,325,15
"e2aa5fba-2db1-11eb-98ca-0a29365a243a",800,"2020-11-23 17:32:40",2020,328,17
"ac134b1c-2de1-11eb-b3d5-0a29365a243a",800,"2020-11-23 23:14:44",2020,328,23
"1aa7e5de-2e9a-11eb-90d5-0a29365a243a",800,"2020-11-24 21:14:57",2020,329,21
"24d036f6-2e9a-11eb-a7af-0a29365a243a",800,"2020-11-24 21:15:14",2020,329,21
"32fbf3b4-2e9a-11eb-939d-0a29365a243a",1000,"2020-11-24 21:15:38",2020,329,21
"9bab8f2e-300b-11eb-9f5b-0a29365a243a",183.8,"2020-11-26 17:19:57",2020,331,17
"4f4fb594-3031-11eb-a8b0-0a29365a243a",800,"2020-11-26 21:49:50",2020,331,21
"5b126ca0-3031-11eb-966b-0a29365a243a",800,"2020-11-26 21:50:10",2020,331,21
"8d40c9e4-30e3-11eb-ab65-0a29365a243a",800,"2020-11-27 19:05:45",2020,332,19
"396a517c-30f3-11eb-8181-0a29365a243a",400,"2020-11-27 20:57:56",2020,332,20
"732aff58-3114-11eb-9f32-0a29365a243a",1000,"2020-11-28 00:55:46",2020,333,00
"1fa19f30-31ab-11eb-85c8-0a29365a243a",1000,"2020-11-28 18:54:20",2020,333,18
"76987d46-3272-11eb-986f-0a29365a243a",800,"2020-11-29 18:41:16",2020,334,18
"bc57cdd4-32ac-11eb-9e66-0a29365a243a",1000,"2020-11-30 01:38:24",2020,335,01
"b0f7da8e-3346-11eb-b590-0a29365a243a",1000,"2020-11-30 20:00:27",2020,335,20
"e75d5a4a-3387-11eb-b8ce-0a29365a243a",1000,"2020-12-01 03:47:16",2020,336,03
"553ed0a4-33f4-11eb-945a-0a29365a243a",800,"2020-12-01 16:43:26",2020,336,16
"bc766e92-3428-11eb-a98c-0a29365a243a",800,"2020-12-01 22:58:33",2020,336,22
"ecacc11a-34b9-11eb-892b-0a29365a243a",1000,"2020-12-02 16:17:50",2020,337,16
"92f5cb90-34d6-11eb-95b1-0a29365a243a",1200,"2020-12-02 19:42:55",2020,337,19
"7ea365e6-3501-11eb-80ae-0a29365a243a",800,"2020-12-03 00:50:10",2020,338,00
"fc0fb88e-357b-11eb-a681-0a29365a243a",800,"2020-12-03 15:26:59",2020,338,15
"dc6c79c8-3697-11eb-a5d1-0a29365a243a",800,"2020-12-05 01:19:03",2020,340,01
"f1899020-3697-11eb-9847-0a29365a243a",1000,"2020-12-05 01:19:38",2020,340,01
"c7a4e1c0-38c6-11eb-bf73-0a29365a243a",2000,"2020-12-07 19:59:56",2020,342,19
"ce0189c4-38c6-11eb-a679-0a29365a243a",600,"2020-12-07 20:00:07",2020,342,20
"a2ad7e44-391c-11eb-b53c-0a29365a243a",800,"2020-12-08 06:14:31",2020,343,06
"902dc3bc-396e-11eb-8ac6-0a29365a243a",600,"2020-12-08 16:00:59",2020,343,16
"6f9f69f4-398a-11eb-8cba-0a29365a243a",800,"2020-12-08 19:20:30",2020,343,19
"0f81c97a-39aa-11eb-8604-0a29365a243a",400,"2020-12-08 23:06:53",2020,343,23
"874051f4-3a61-11eb-b028-0a29365a243a",900,"2020-12-09 21:00:12",2020,344,21
"df74899a-3a97-11eb-b1c5-0a29365a243a",600,"2020-12-10 03:29:12",2020,345,03
"1f8457f4-3b0b-11eb-8089-0a29365a243a",600,"2020-12-10 17:14:12",2020,345,17
"26808294-3b0b-11eb-af0f-0a29365a243a",400,"2020-12-10 17:14:24",2020,345,17
"1b661a1c-3b34-11eb-9fd7-0a29365a243a",400,"2020-12-10 22:07:34",2020,345,22
"e83237f0-3bda-11eb-926b-0a29365a243a",600,"2020-12-11 18:01:34",2020,346,18
"b5e4b47e-3c04-11eb-85b9-0a29365a243a",800,"2020-12-11 23:00:49",2020,346,23
"5b47c8b6-3d95-11eb-9b0e-0a29365a243a",800,"2020-12-13 22:48:45",2020,348,22
"671a6220-3d95-11eb-b74d-0a29365a243a",800,"2020-12-13 22:49:05",2020,348,22
"bfbb2f6c-3db9-11eb-bb9c-0a29365a243a",1000,"2020-12-14 03:09:15",2020,349,03
"652bd7ce-3e70-11eb-b68b-0a29365a243a",1000,"2020-12-15 00:56:41",2020,350,00
"6cf766f8-3e70-11eb-b803-0a29365a243a",1000,"2020-12-15 00:56:55",2020,350,00
"752ebd62-3e70-11eb-9e35-0a29365a243a",800,"2020-12-15 00:57:08",2020,350,00
"7dc49e38-3e70-11eb-a1de-0a29365a243a",800,"2020-12-15 00:57:23",2020,350,00
"7279bfca-3ef9-11eb-9c10-0a29365a243a",400,"2020-12-15 17:17:45",2020,350,17
"a7e14cea-3f2c-11eb-b763-0a29365a243a",600,"2020-12-15 23:24:19",2020,350,23
"48925936-3fb4-11eb-9956-0a29365a243a",600,"2020-12-16 15:35:10",2020,351,15
"99f34afa-3fe7-11eb-9883-0a29365a243a",1000,"2020-12-16 21:42:31",2020,351,21
"a4dd9cd6-3fe7-11eb-a6aa-0a29365a243a",600,"2020-12-16 21:42:50",2020,351,21
"dcae85d4-406f-11eb-a0de-0a29365a243a",1400,"2020-12-17 13:57:55",2020,352,13
"67f4052a-407e-11eb-ab30-0a29365a243a",800,"2020-12-17 15:42:01",2020,352,15
"11ea2c0e-415f-11eb-920b-0a29365a243a",1000,"2020-12-18 18:30:14",2020,353,18
"202a1ea0-415f-11eb-b50c-0a29365a243a",800,"2020-12-18 18:30:38",2020,353,18
"c5f2a66a-4220-11eb-af6c-0a29365a243a",800,"2020-12-19 17:36:49",2020,354,17
"ad0582f4-426a-11eb-94b1-0a29365a243a",800,"2020-12-20 02:25:50",2020,355,02
"b47143e2-4397-11eb-9fcd-0a29365a243a",1000,"2020-12-21 14:20:41",2020,356,14
"be2344f8-4397-11eb-bd15-0a29365a243a",600,"2020-12-21 14:20:57",2020,356,14
"408615aa-43c6-11eb-b52a-0a29365a243a",600,"2020-12-21 19:53:53",2020,356,19
"493703c6-43c6-11eb-8ad9-0a29365a243a",2400,"2020-12-21 19:54:07",2020,356,19
"50830724-43c6-11eb-939b-0a29365a243a",600,"2020-12-21 19:54:19",2020,356,19
"ddbaea88-446d-11eb-8cc7-0a29365a243a",800,"2020-12-22 15:53:42",2020,357,15
"ff61ec32-4476-11eb-9d1d-0a29365a243a",600,"2020-12-22 16:59:04",2020,357,16
"85612fdc-44ae-11eb-9ef4-0a29365a243a",600,"2020-12-22 23:36:31",2020,357,23
