75,075,"3/16/17",,,,,,,,,1,,
78,078,"3/19/17",,,,,,,,,1,,
292,292,"10/19/17",,,,,,,,,1,,
297,297,"10/24/17",,,,,,,,,1,,
302,302,"10/29/17",,,,,,,,,1,,
309,309,"11/5/17",,,,,,,,,1,,
313,313,"11/9/17",,,,132,80,,,,1,,
314,314,"11/10/2017",1600,,,,,,,,,,
315,315,"11/11/17",1400,,,128,84,83,,,,,
316,316,"11/12/2017",1600,,,125,77,84,,,1,,
317,317,"11/13/2017",1400,,,131,80,73,,,1,,
318,318,"11/14/2017",1800,,,119,79,74,,,,,
319,319,"11/15/2017",1200,,,136,80,58,,,,,
320,320,"11/16/2017",,,,131,86,63,,,,,
323,323,"11/19/2017",,,,130,69,74,,,,,
324,324,"11/20/2017",,,,,,,,,1,,
325,325,"11/21/2017",,,,141,82,73,,,,,
327,327,"11/23/2017",,,,124,72,73,33.75,,,,
329,329,"11/25/2017",,,,125,76,90,33.625,,,,
330,330,"11/26/2017",,,,123,86,,,,,,
331,331,"11/27/2017",,,175,127,84,81,34.125,,1,,
332,332,"11/28/2017",,,175,120,83,90,,,1,,
334,334,"11/30/2017",,,,,,,,,,,
337,337,"12/3/2017",2000,,180,140,81,,34,,,,
338,338,"12/4/2017",1400,,,,,,,,1,,
339,339,"12/5/2017",2000,,180,,,,,,,,
340,340,"12/6/2017",2000,,178,154,87,,,,,,
341,341,"12/7/2017",1000,,180,,,,,,,,
347,347,"12/13/2017",,,,132,83,,,,,,
348,348,"12/14/2017",,,,132,76,79,,,,,
356,356,"12/22/2017",,,,120,82,80,,,,,
362,362,"12/28/2017",,,,138,85,98,,,,,
365,365,"12/31/2017",,,,138,83,92,,,1,,
367,002,"1/2/2018",,,,,,,,,1,3,
383,018,"1/18/2018",,,178,137,84,73,,,,,
387,022,"1/22/2018",,,176,123,77,86,34.5625,,,,
389,024,"1/24/2018",,,175,129,80,118,34.0625,,,,
392,027,"1/27/2018",,,,138,77,77,,,,,
394,029,"1/29/2018",,,176,117,81,95,,,,,
395,030,"1/30/2018",,,175,122,85,86,33.6875,,,,
405,040,"2/9/2018",,,180,143,90,73,34.5,,1,,
406,041,"2/10/2018",,,175,,,,,,,,
407,042,"2/11/2018",,,175,148,88,69,,,,,
411,046,"2/15/2018",,,,137,80,74,,,,,
429,064,"3/5/2018",,,180,,,,,,,,
432,067,"3/8/2018",,,181,128,82,90,34.75,,,,
433,068,"3/9/2018",,,,,,,,,1,,
436,071,"3/12/2018",,,180,,,,33.75,,1,,
437,072,"3/13/2018",,,180,,,,,,1,,
439,074,"3/15/2018",,,179,,,,,,,,
458,093,"4/3/2018",,,180,,,,,,,,
459,094,"4/4/2018",,,178,,,,,,1,,
460,095,"4/5/2018",,,178,,,,,,,,
461,096,"4/6/2018",,,176,,,,,,1,,
462,097,"4/7/2018",1800,,176,,,,,,1,1.5,
463,098,"4/8/2018",2000,,176,,,,33.75,13.25,,,
464,099,"4/9/2018",,,176,117,80,80,33.75,,1,2,1
465,100,"4/10/2018",2000,,179,,,,,,1,,
466,101,"4/11/2018",2000,,178,,,,,,1,,1
467,102,"4/12/2018",2400,,175,132,82,63,35,,1,1,1
468,103,"4/13/2018",2000,,176,128,82,79,,13.5625,1,1.25,1
469,104,"4/14/2018",2000,,178,133,85,73,33.3125,13.625,1,,
470,105,"4/15/2018",,,177,147,78,71,34.125,13.5625,1,,
471,106,"4/16/2018",,,176,126,76,59,,,1,3,
472,107,"4/17/2018",2200,,178,,,,,,1,1.25,1
473,108,"4/18/2018",1800,,177,,,,,,1,1.25,1
475,110,"4/20/2018",2000,,178,136,82,69,34,13.5625,,,
476,111,"4/21/2018",2000,,178,127,76,60,33.5625,13.75,,,
478,113,"4/23/2018",2200,,177,126,80,73,34,13.625,1,,
479,114,"4/24/2018",,,177,127,71,79,34,13.75,1,,
480,115,"4/25/2018",2200,,,135,75,71,34.375,13.625,1,,
481,116,"4/26/2018",,,,,,,,,1,1.5,1
483,118,"4/28/2018",,,,139,73,72,33.5625,13.875,,,
485,120,"4/30/2018",1800,,178,134,74,70,33.625,14,,,
486,121,"5/1/2018",,,176,137,75,80,33.4375,13.9375,1,3,
490,125,"5/5/2018",,,181,133,77,73,33.625,14.0625,,,
491,126,"5/6/2018",,,180,,,,,,,,
492,127,"5/7/2018",,,181,131,83,82,33.75,13.8125,1,2,
493,128,"5/8/2018",,,180,,,,,,1,3,
494,129,"5/9/2018",1600,,,,,,,,,,1
495,130,"5/10/2018",1800,,,,,,,,,,
496,131,"5/11/2018",,,181,,,,,,,,
499,134,"5/14/2018",,,,127,77,95,34.375,14.0625,1,3,
501,136,"5/16/2018",,,182,,,,,,,,
502,137,"5/17/2018",,,183,,,,,,,,
503,138,"5/18/2018",,,181,128,81,71,34.25,14.0625,1,1.5,
508,143,"5/23/2018",,,182,132,78,70,34.8125,14.0625,,,
511,146,"5/26/2018",,,180,,,,,,1,1.5,
512,147,"5/27/2018",,,180,131,80,94,34.4375,14.0625,1,2,
513,148,"5/28/2018",,,180,,,,,,1,3,1
514,149,"5/29/2018",,,179,145,86,75,34.4375,14.0625,1,1,1
515,150,"5/30/2018",,,176,118,79,88,34.25,14.1875,,,
516,151,"5/31/2018",,,178,,,,,,,,
517,152,"6/1/2018",,,,,,,,,1,2,1
519,154,"6/3/2018",,,,,,,,,1,3,
520,155,"6/4/2018",,,,,,,,,1,3,
524,159,"6/8/2018",,,,,,,,,1,3,
525,160,"6/9/2018",,,,,,,,,1,3,
527,162,"6/11/2018",,,,126,75,80,34.3125,13.9375,1,3,1
528,163,"6/12/2018",2200,,179,141,78,73,,14,1,3,1
529,164,"6/13/2018",2000,,178,125,83,82,34.25,14,1,3,
530,165,"6/14/2018",,,,117,79,79,34,,,,
534,169,"6/18/2018",,,179,118,79,93,34,14.0625,1,3,1
536,171,"6/20/2018",,,,,,,,,1,3,
537,172,"6/21/2018",2000,,178,,,,,,1,3,1
538,173,"6/22/2018",,,176,,,,,,1,1,
539,174,"6/23/2018",,,,136,72,69,33.75,13.9375,,,
541,176,"6/25/2018",,,176,134,85,61,,14,,,
548,183,"7/2/2018",,,,,,,,,1,3,
549,184,"7/3/2018",,,176,,,,,,,,
550,185,"7/4/2018",,,,,,,,,1,3,0
551,186,"7/5/2018",,,,122,71,75,33.875,13.875,,,
556,191,"7/10/2018",,,175,,,,,,,,
560,195,"7/14/2018",,,,,,,,,,,1
561,196,"7/15/2018",,,,,,,,,1,3,
562,197,"7/16/2018",,,178,,,,,,1,3,1
563,198,"7/17/2018",,,176,,,,,,1,3,
564,199,"7/18/2018",,,182,,,,,,,,
568,203,"7/22/2018",,,176,,,,,,,,
569,204,"7/23/2018",,,,130,82,78,34.625,13.875,1,3,
570,205,"7/24/2018",,,,,,,,,1,3,
571,206,"7/25/2018",,,180,,,,,,1,1,
573,208,"7/27/2018",,,180,,,,,,,,
574,209,"7/28/2018",,,179,133,81,83,34.625,13.9375,,,
575,210,"7/29/2018",,,,121,75,80,34.25,,,,
576,211,"7/30/2018",,,178,,,,,,1,3,1
578,213,"8/1/2018",,,177,,,,,,1,,
579,214,"8/2/2018",,,177,,,,,,1,3,
590,225,"8/13/2018",,,180,,,,,,,,
599,234,"8/22/2018",,,178,,,,,,,,
602,237,"8/25/2018",,,180,,,,,,,,
605,240,"8/28/2018",,,,,,,,,1,,
607,242,"8/30/2018",,,,,,,,,1,3,1
609,244,"9/1/2018",,,,,,,,,1,3,
613,248,"9/5/2018",,,175,,,,,,,,
615,250,"9/7/2018",,,180,,,,,,,,
617,252,"9/9/2018",,,180,,,,,,,,
618,253,"9/10/2018",,,177,,,,,,,,
627,262,"9/19/2018",,,,,,,,,1,3,
628,263,"9/20/2018",,,175,126,78,75,33.875,13.625,1,3,
629,264,"9/21/2018",,,,125,70,100,,,1,2.2,
631,266,"9/23/2018",,,176,128,79,76,34.5,,,,
632,267,"9/24/2018",,,,,,,,,1,3,
635,270,"9/27/2018",,,178,,,,,,,,
639,274,"10/1/2018",,,177,135,77,82,34.75,13.75,1,2,
641,276,"10/3/2018",,,,,,,,,1,3,
643,278,"10/5/2018",,,,,,,,,1,3,1
644,279,"10/6/2018",,,,,,,,,1,1,1
645,280,"10/7/2018",,,,136,77,71,,,,,
647,282,"10/9/2018",,,175,,,,,,,,
649,284,"10/11/2018",,,177,,,,,,1,3,1
650,285,"10/12/2018",2600,,,,,,,,,,
651,286,"10/13/2018",,,,129,,,,,,,
652,287,"10/14/2018",,,,,,,,,,,
653,288,"10/15/2018",1400,,,,,,,,,,
656,291,"10/18/2018",,,,,,,,,1,2.1,
683,318,"11/14/2018",,,,,,,,,1,3,1
684,319,"11/15/2018",,,,,,,,,1,3,0
685,320,"11/16/2018",,,,,,,,,0,0,0
686,321,"11/17/2018",,,,,,,,,1,3,1
695,330,"11/26/2018",,,,,,,,,1,2,1
696,331,"11/27/2018",,,,,,,,,1,3,1
697,332,"11/28/2018",,,,,,,,,1,1.5,1
698,333,"11/29/2018",,,,,,,,,1,3.2,0
699,334,"11/30/2018",,,,,,,,,0,0,0
700,335,"12/1/2018",,,,,,,,,0,0,0
701,336,"12/2/2018",,,,,,,,,1,3,1
707,342,"12/8/2018",,,,,,,,,1,3,1
709,344,"12/10/2018",,,,,,,,,1,3,0
710,345,"12/11/2018",,,,,,,,,1,3,1
721,356,"12/22/2018",,,,,,,,,1,3,
727,362,"12/28/2018",,,,,,,,,1,3,1
738,008,"1/8/2019",,,,,,,,,1,3,
737,007,"1/7/2019",,,,,,,,,1,3,
739,009,"1/9/2019",,,,,,,,,1,1,0
740,010,"1/10/2019",1600,,,,,,,,1,3,
741,011,"1/11/2019",,,,,,,,,1,3,
742,012,"1/12/2019",2600,,,,,,,,1,3,
743,013,"1/13/2019",2600,,,,,,,,0,0,0
744,014,"1/14/2019",2000,,,,,,,,1,3,0
745,015,"1/15/2019",,,,,,,,,0,0,0
746,016,"1/16/2019",1800,,,,,,,,1,3,
747,017,"1/17/2019",1397,,,,,,,,0,0,0
748,018,"1/18/2019",2000,,182,,,,,,1,3,
749,019,"1/19/2019",1800,,,,,,,,1,3,
750,020,"1/20/2019",2200,,,120,77,94,35,14,1,1,1
751,021,"1/21/2019",1800,,,128,68,129,34,14,1,3,1
752,022,"1/22/2019",2000,,,,,,,,1,3,1
753,023,"1/23/2019",1800,,176,,,,,,1,3,1
754,024,"1/24/2019",1800,,176,135,70,111,34.25,14,1,3,1
755,025,"1/25/2019",1600,,178,,,,,,1,3,1
756,026,"1/26/2019",1800,,,,,,,,1,3,
757,027,"1/27/2019",1400,,175,,,,,,1,3,
758,028,"1/28/2019",2000,,180,131,73,82,34.875,13.75,,,
759,029,"1/29/2019",2600,,,,,,,,,,
760,030,"1/30/2019",2400,,,,,,,,1,3,1
761,031,"1/31/2019",,,175,,,,,,1,3,1
762,032,"2/1/2019",2600,,,,,,,,,,
763,033,"2/2/2019",,,177,,,,,,1,3,1
764,034,"2/3/2019",1600,,176,,,,,,1,3,1
765,035,"2/4/2019",2200,,175,,,,,,1,3,1
766,036,"2/5/2019",2600,,,128,66,121,35.25,14,1,3.5,1
767,037,"2/6/2019",2200,,,,,,,,,,1
768,038,"2/7/2019",3200,,184,,,,,,1,3,
769,039,"2/8/2019",,,181.2,,,,,,1,3,
770,040,"2/9/2019",,,178.4,,,,,,1,3,
773,043,"2/12/2019",,,,,,,,,1,3,1
774,044,"2/13/2019",,,181.4,140,85,85,,,,,
775,045,"2/14/2019",,,180.6,,,,,,,,
776,046,"2/15/2019",,,179.6,,,,,,1,3,1
777,047,"2/16/2019",,,,,,,,,1,3,
1143,048,"2/17/2020",,,180.2,,,,,,1,3,1
781,051,"2/20/2019",,,,,,,,,1,3,
782,052,"2/21/2019",,,,,,,,,1,3,
783,053,"2/22/2019",1600,,,,,,,,,,
785,055,"2/24/2019",,,,,,,,,1,3,
786,056,"2/25/2019",,,178,,,,,,1,3,
788,058,"2/27/2019",2600,,,,,,,,1,3,
789,059,"2/28/2019",1800,,,,,,,,1,3,
792,062,"3/3/2019",1400,,182,143,82,70,35,13.9375,1,3,1
793,063,"3/4/2019",2400,,178.8,128,82,64,34.5,13.75,1,3,1
794,064,"3/5/2019",2600,,178.2,,,,,,1,3,1
795,065,"3/6/2019",2400,,,,,,,,,,
796,066,"3/7/2019",2200,,178.6,,,,,,1,3,1
797,067,"3/8/2019",2400,,178.8,,,,,,,,
798,068,"3/9/2019",1600,,,,,,,,,,
799,069,"3/10/2019",,,178,,,,,,,,
800,070,"3/11/2019",,,177.6,,,,,,1,3,1
801,071,"3/12/2019",2000,,178.4,,,,,,1,3,
802,072,"3/13/2019",2200,,178,,,,,,1,3,
803,073,"3/14/2019",2000,,178.6,,,,,,1,,
804,074,"3/15/2019",2400,,179.2,,,,,,1,3,
805,075,"3/16/2019",1400,,,,,,,,1,3,
806,076,"3/17/2019",2200,,,,,,,,,,
807,077,"3/18/2019",2200,,178.2,,,,,,1,4,
808,078,"3/19/2019",2600,,177.4,,,,,,1,3,
809,079,"3/20/2019",,,177.4,121,74,74,33.25,13.9375,1,3,1
810,080,"3/21/2019",2600,,177,123,76,75,34,13.9375,1,3,0
811,081,"3/22/2019",2600,,179.8,,,,,,,,
812,082,"3/23/2019",,,,,,,,,0,,
813,083,"3/24/2019",1800,,,,,,,,0,,
814,084,"3/25/2019",2000,,178.4,131,83,63,34.875,13.875,,,
815,085,"3/26/2019",2400,,177,,,,,,1,4,
816,086,"3/27/2019",1800,,175.8,,,,,,1,4,
817,087,"3/28/2019",2200,,,,,,,,,,
818,088,"3/29/2019",2200,,,,,,,,,,
819,089,"3/30/2019",1800,,178.8,,,,,,1,4,
820,090,"3/31/2019",1400,,178.4,,,,,,,,
821,091,"4/1/2019",2400,,179,,,,,,1,4,1
822,092,"4/2/2019",,,,,,,,,1,4,
823,093,"4/3/2019",2600,,180,,,,,,1,4,0
824,094,"4/4/2019",2400,,177,,,,,,1,1.5,
825,095,"4/5/2019",2200,,,,,,,,,,
826,096,"4/6/2019",1600,,178.8,,,,,,,,
827,097,"4/7/2019",2400,,179,,,,,,,,
828,098,"4/8/2019",3000,,182,,,,,,1,6,1
829,099,"4/9/2019",2200,,180,,,,,,1,3,1
830,100,"4/10/2019",2000,,179.8,,,,,,,,
831,101,"4/11/2019",2200,,,,,,,,1,3,
832,102,"4/12/2019",2400,,177.8,,,,,,,,
833,103,"4/13/2019",2800,,176.6,122,72,73,33.875,14.0625,1,3,
834,104,"4/14/2019",,,,,,,,,1,3,1
835,105,"4/15/2019",,,,,,,,,1,,
836,106,"4/16/2019",,,,,,,,,1,3,1
838,108,"4/18/2019",,,180.2,,,,,,,,
841,111,"4/21/2019",,,,,,,,,1,3,1
842,112,"4/22/2019",2200,,176.9,,,,,,1,1.5,
843,113,"4/23/2019",,,,,,,,,1,3,
844,114,"4/24/2019",2400,,180,,,,,,1,3,
845,115,"4/25/2019",1600,,180.2,,,,,,1,3,1
846,116,"4/26/2019",,,178,,,,,,,,
848,118,"4/28/2019",,,177.8,,,,,,1,3,
849,119,"4/29/2019",2000,,177,,,,,,1,3,1
850,120,"4/30/2019",,,178.4,,,,,,1,3,
851,121,"5/1/2019",,,178,,,,,,,,
855,125,"5/5/2019",,,,,,,,,1,3,1
856,126,"5/6/2019",,,,,,,,,1,3,1
857,127,"5/7/2019",,,,,,,,,1,3,
858,128,"5/8/2019",,,176.6,,,,,,1,2,1
859,129,"5/9/2019",2000,,177,,,,,,1,3,
860,130,"5/10/2019",,,,,,,,,1,3,
862,132,"5/12/2019",,,,,,,,,1,3,1
863,133,"5/13/2019",,,177,,,,,,1,3,1
864,134,"5/14/2019",,,177.8,,,,,,,,
865,135,"5/15/2019",,,178,,,,,,,,
866,136,"5/16/2019",,,180.4,133,77,78,34.125,14.25,1,3,1
867,137,"5/17/2019",,,,,,,,,1,3,1
868,138,"5/18/2019",,,177.6,,,,,,,,
869,139,"5/19/2019",,,,,,,,,1,3,
870,140,"5/20/2019",,,177.2,,,,,,1,3,1
871,141,"5/21/2019",,,176.8,,,,,,,,
873,143,"5/23/2019",,,178.4,,,,,,1,3,
877,147,"5/27/2019",,,,,,,,,1,3,
878,148,"5/28/2019",,,178.4,,,,,,1,3,
879,149,"5/29/2019",,,177.4,,,,,,1,3,1
880,150,"5/30/2019",,,176.8,122,76,63,33.5,14,1,3,1
884,154,"6/3/2019",,,,,,,,,1,3,1
885,155,"6/4/2019",,,178.6,,,,,,1,3,1
886,156,"6/5/2019",,,,,,,,,1,3,1
890,160,"6/9/2019",,,178.4,,,,,,,,
891,161,"6/10/2019",,,179.8,,,,,,1,3,
892,162,"6/11/2019",,,178.6,,,,,,1,3,
895,165,"6/14/2019",,,177.6,,,,,,,,
898,168,"6/17/2019",,,179.2,,,,,,1,3,
900,170,"6/19/2019",,,177.4,,,,,,1,3,
905,175,"6/24/2019",,,178.4,,,,,,1,3,
907,177,"6/26/2019",,,179.2,,,,,,1,3,
908,178,"6/27/2019",,,177.2,122,68,82,33.875,14.125,0,,1
909,179,"6/28/2019",,,178.2,,,,,,,,
910,180,"6/29/2019",1800,,,,,,,,1,3,1
911,181,"6/30/2019",,,178.2,134,81,80,33.625,14.375,,,
912,182,"7/1/2019",1800,,,,,,,,1,3,1
913,183,"7/2/2019",,,178.8,125,75,76,33.5,,1,3,1
914,184,"7/3/2019",2000,,,,,,,,,,
915,185,"7/4/2019",,,177,126,71,83,34.25,14.25,1,3,1
916,186,"7/5/2019",1400,,,,,,,,1,,
919,189,"7/8/2019",,,180.2,,,,,,1,3,0
924,194,"7/13/2019",,,,,,,,,1,3,0
925,195,"7/14/2019",,,,,,,,,1,3,0
926,196,"7/15/2019",,,178.4,127,73,78,34.375,,1,3,0
928,198,"7/17/2019",,,,,,,,,1,3,0
929,199,"7/18/2019",,,178.4,,,,,,1,3,0
930,200,"7/19/2019",,,181.6,131,73,80,,,,,
932,202,"7/21/2019",,,177,,,,,,1,3,1
933,203,"7/22/2019",,,174.2,127,87,89,33.25,13.9375,1,3,1
934,204,"7/23/2019",,,177.4,,,,,,1,3,1
936,206,"7/25/2019",,,,,,,,,1,3,0
937,207,"7/26/2019",,,,,,,,,1,3,1
938,208,"7/27/2019",,,176,,,,,,,,
939,209,"7/28/2019",,,177.4,127,78,73,33.5,14.0625,,,
941,211,"7/30/2019",,,,,,,,,1,3,1
942,212,"7/31/2019",,,176.8,115,74,84,33.625,14,,,
943,213,"8/1/2019",,,177.4,,,,,,,,
947,217,"8/5/2019",,,174.8,,,,,,1,3,
948,218,"8/6/2019",,,175.8,,,,,,1,3,1
949,219,"8/7/2019",,,176,,,,,,,,
951,221,"8/9/2019",,,,,,,,,1,3,1
954,224,"8/12/2019",,,176.2,114,70,81,33.25,14,1,3,1
955,225,"8/13/2019",,,177.4,,,,,,1,3,1
957,227,"8/15/2019",,,177.8,,,,,,,,
958,228,"8/16/2019",,,178.2,,,,,,1,3,1
962,232,"8/20/2019",,,178.9,,,,,,1,3,
963,233,"8/21/2019",,,177,,,,,,1,3,1
969,239,"8/27/2019",,,181,,,,,,1,3,1
970,240,"8/28/2019",,,,,,,,,1,3,
971,241,"8/29/2019",,,181,,,,,,1,3,
975,245,"9/2/2019",,,180.4,132,82,74,34.25,14,1,3,1
977,247,"9/4/2019",,,,,,,,,1,3,1
988,258,"9/15/2019",,,,,,,,,1,3,
989,259,"9/16/2019",,,,,,,,,1,3,
992,262,"9/19/2019",,,,,,,,,1,3,
999,269,"9/26/2019",,,,,,,,,1,,
996,266,"9/23/2019",,,,,,,,,1,,
998,268,"9/25/2019",,,,,,,,,1,3,1
999,269,"9/26/2019",,,176,108,72,93,34.125,13.8125,1,3,1
1000,270,"9/27/2019",,,,,,,,,1,3,1
1002,272,"9/29/2019",,,,,,,,,1,3,1
1003,273,"9/30/2019",,,178,,,,,,1,3,1
1004,274,"10/1/2019",,,,,,,,,1,3,1
1005,275,"10/2/2019",,,179.2,,,,,,1,3,1
1006,276,"10/3/2019",,,178.8,,,,,,1,3,1
1009,279,"10/6/2019",,,,,,,,,1,,
1025,295,"10/22/2019",,,,,,,,,1,4,1
1026,296,"10/23/2019",,,,,,,,,1,4,
1027,297,"10/24/2019",1800,,,,,,,,,,
1028,298,"10/25/2019",2200,,,,,,,,,,
1029,299,"10/26/2019",2000,,,,,,,,,,
1030,300,"10/27/2019",1800,,,,,,,,,,
1031,301,"10/28/2019",2000,,179,,,,,,,,
1032,302,"10/29/2019",2200,,177.6,131,82,78,34.375,13.875,,,
1033,303,"10/30/2019",2400,,,,,,,,,,
1034,304,"10/31/2019",2400,,179.6,,,,,,1,4,1
1035,305,"11/1/2019",1400,,179.8,,,,,,1,4,
1036,306,"11/2/2019",1800,,,,,,,,1,4,
1037,307,"11/3/2019",1600,,,,,,,,1,4,1
1038,308,"11/4/2019",2200,,,,,,,,,,
1039,309,"11/5/2019",1600,,,,,,,,,,
1040,310,"11/6/2019",2200,,176.4,,,,,,1,4,1
1041,311,"11/7/2019",1800,,,,,,,,1,4,1
1043,313,"11/9/2019",,,,,,,,,1,4,1
1044,314,"11/10/2019",1600,,176.2,120,77,80,34,14.25,,,
1045,315,"11/11/2019",2000,,175.8,,,,,,,,
1046,316,"11/12/2019",2200,,175.8,,,,,,1,4,0
1047,317,"11/13/2019",2600,,176,,,,,,1,4,0
1048,318,"11/14/2019",2800,,174.4,,,,,,,,
1049,319,"11/15/2019",2600,,,,,,,,1,4,1
1051,321,"11/17/2019",2000,,,,,,,,,,
1052,322,"11/18/2019",2000,,179.4,,,,,,1,4,1
1053,323,"11/19/2019",,,177.8,,,,,,,,
1054,324,"11/20/2019",2600,,176,,,,,,1,4,0
1055,325,"11/21/2019",2400,,,,,,,,1,3,0
1056,326,"11/22/2019",,,178.8,,,,,,1,3,0
1058,328,"11/24/2019",1800,,,,,,,,1,3,0
1059,329,"11/25/2019",1800,,,,,,,,1,4,1
1060,330,"11/26/2019",2600,,176.8,,,,,,,,
1061,331,"11/27/2019",2200,,,,,,,,,,
1062,332,"11/28/2019",2400,,178.9,,,,,,1,4,1
1063,333,"11/29/2019",2200,,,,,,,,,,
1064,334,"11/30/2019",,,,,,,,,1,4,
1065,335,"12/1/2019",,,176.6,,,,,,,,
1067,337,"12/3/2019",,,,,,,,,1,3,
1080,350,"12/16/2019",,,175.8,,,,,,,,
1081,351,"12/17/2019",2200,,177,,,,,,1,4,
1082,352,"12/18/2019",2200,,,,,,,,1,4,
1083,353,"12/19/2019",2600,,,,,,,,,,
1084,354,"12/20/2019",1600,,177,126,75,80,34.5,13.75,,,
1452,357,"12/22",,,178.8,128,81,90,34.5,13.75,1,4,1
1453,358,"12/23",1800,,,,,,,,1,3,0
1454,359,"12/24",,,,,,,,,1,3,0
1456,361,"12/26",2000,,,,,,,,1,3,0
1457,362,"12/27",2000,,,,,,,,1,3,0
1458,363,"12/28",2200,,,,,,,,,,
1459,364,"12/29",1800,,181.4,,,,,,,,
1460,365,"12/30",2200,,181.2,,,,,,1,4,0
1095,365,"12/31/2019",2000,,,,,,,,,,
1096,001,"1/1/2020",1400,,179,,,,,,1,3,1
1097,002,"1/2/2020",1800,,177.8,,,,,,1,4,1
1098,003,"1/3/2020",2800,,,,,,,,,,
1100,005,"1/5/2020",1800,,180.6,113,70,89,34.75,13.875,1,4,0
1101,006,"1/6/2020",1600,,,,,,,,1,4,0
1102,007,"1/7/2020",2000,,178.6,,,,,,1,3,1
1103,008,"1/8/2020",2000,,178.8,,,,,,1,4,1
1104,009,"1/9/2020",2400,,178.8,,,,,,,,
1105,010,"1/10/2020",1800,,180,,,,,,,,
1108,013,"1/13/2020",1600,,179.6,,,,,,1,0,1
1110,015,"1/15/2020",2600,,196.4,,,,,,,,
1111,016,"1/16/2020",2200,,198,,,,,,,,
1112,017,"1/17/2020",1600,,,,,,,,,,
1116,021,"1/21/2020",,,,,,,,,1,4,0
1117,022,"1/22/2020",2800,,,,,,,,1,3,1
1118,023,"1/23/2020",2600,,,,,,,,,,
1122,027,"1/27/2020",1600,,181.4,,,,,,1,4,1
1123,028,"1/28/2020",2200,,179.4,,,,,,1,4,1
1124,029,"1/29/2020",2600,,,,,,,,,,
1125,030,"1/30/2020",2200,,180.8,,,,,,1,4,0
1126,031,"1/31/2020",1800,,180.8,,,,,,1,4,1
1127,032,"2/1/2020",2200,,179.8,,,,,,,,
1128,033,"2/2/2020",1600,,,,,,,,,,
1130,035,"2/4/2020",2200,,,,,,,,1,3,1
1131,036,"2/5/2020",2000,,,,,,,,1,4,0
1132,037,"2/6/2020",1600,,179.8,,,,,,1,3,1
1133,038,"2/7/2020",2600,,,,,,,,,,
1134,039,"2/8/2020",2000,,,,,,,,,,
1136,041,"2/10/2020",2400,,180.2,,,,,,,,
1137,042,"2/11/2020",2000,,,,,,,,,,
1138,043,"2/12/2020",,,180,,,,,,1,3,0
1139,044,"2/13/2020",,,180,,,,,,,,
1140,045,"2/14/2020",1600,,181.2,,,,,,,,
1141,046,"2/15/2020",,,,,,,,,,,
1143,048,"2/17/2020",2400,,,,,,,,1,4,1
1144,049,"2/18/2020",2600,,182.8,,,,,,,,
1145,050,"2/19/2020",2200,,,,,,,,1,4,1
1146,051,"2/20/2020",,,180,,,,,,,,
1147,052,"2/21/2020",1800,,181,,,,,,1,4,0
1148,053,"2/22/2020",,,179.4,,,,,,,,
1150,055,"2/24/2020",2400,,182,,,,,,1,4,0
1151,056,"2/25/2020",2200,,181.6,,,,,,,,
1152,057,"2/26/2020",2000,,178.6,,,,,,1,4,1
1153,058,"2/27/2020",2400,,179,,,,,,1,4,1
1154,059,"2/28/2020",2000,,,,,,,,1,4,1
1155,060,"2/29/2020",2600,,,,,,,,,,
1158,063,"3/3/2020",,,179.4,,,,,,,,
1159,064,"3/4/2020",,,179.4,,,,,,,,
1160,065,"3/5/2020",2000,,179.8,,,,,,1,4,1
1161,066,"3/6/2020",2800,,180.4,,,,,,1,4,1
1163,068,"3/8/2020",,,182,,,,,,,,
1164,069,"3/9/2020",2200,,181.2,125,78,89,34.5,13.875,1,4,0
1165,070,"3/10/2020",2400,,181.4,,,,,,1,4,1
1166,071,"3/11/2020",2000,,180,,,,,,1,4,1
1167,072,"3/12/2020",1800,,178,,,,,,1,4,1
1168,073,"3/13/2020",,,179.2,,,,,,,,
1171,076,"3/16/2020",,,183,,,,,,,,
1174,079,"3/19/2020",2600,,182,,,,,,,,
1175,080,"3/20/2020",3000,,179.8,,,,,,1,4,0
1179,084,"3/24/2020",2200,,180.4,,,,,,1,4,0
1180,085,"3/25/2020",,,181.2,,,,,,,,
1181,086,"3/26/2020",2200,,179.2,,,,,,1,3,0
1182,087,"3/27/2020",1600,,178.4,,,,,,,,
1185,090,"3/30/2020",2200,,179.8,,,,,,1,4,0
1186,091,"3/31/2020",2200,,,,,,,,,,
1187,092,"4/1/2020",,,177.8,,,,,,,,
1188,093,"4/2/2020",2200,,176.8,131,81,75,34,13.875,1,4,0
1189,094,"4/3/2020",,,177.8,,,,,,,,
1191,096,"4/5/2020",2200,,179.8,137,84,70,34.5,13.8125,,,
1192,097,"4/6/2020",1800,,,,,,,,,,
1193,098,"4/7/2020",,,178.2,,,,,,,,
1194,099,"4/8/2020",,,179.2,,,,,,,,
1195,100,"4/9/2020",,,180,,,,,,,,
1198,103,"4/12/2020",2200,,176.2,120,79,75,34.625,13.8125,,,
1199,104,"4/13/2020",2000,,,,,,,,,,
1200,105,"4/14/2020",1400,,179.2,,,,,,,,
1201,106,"4/15/2020",2000,,,,,,,,,,
1202,107,"4/16/2020",2800,,177.4,,,,,,,,
1203,108,"4/17/2020",,,179.8,,,,,,,,
1205,110,"4/19/2020",,,176.8,119,74,85,,,,,
1206,111,"4/20/2020",,,176.6,,,,,,,,
1213,118,"4/27/2020",2200,,,,,,,,1,3.97,0
1214,119,"4/28/2020",2200,,,,,,,,1,4,0
1215,120,"4/29/2020",2000,,,,,,,,1,4,0
1217,122,"5/1/2020",3200,,,,,,,,,,
1218,123,"5/2/2020",2200,,181.2,,,,,,1,4,0
1219,124,"5/3/2020",,,,116,72,96,,,1,3.98,0
1220,125,"5/4/2020",,,177.2,,,,,,,,
1221,126,"5/5/2020",2200,,181.4,,,,,,1,4,0
1222,127,"5/6/2020",2000,,,,,,,,1,4.8,0
1223,128,"5/7/2020",2000,,,,,,,,1,4,0
1225,130,"5/9/2020",,,177.8,,,,,,,,
1227,132,"5/11/2020",,,178.2,,,,,,1,4,0
1228,133,"5/12/2020",,,175.8,,,,,,,,
1229,134,"5/13/2020",2000,,177.4,,,,,,1,4,0
1230,135,"5/14/2020",1600,,178.4,,,,,,1,4,0
1231,136,"5/15/2020",2400,,176.8,,,,,,,,
1232,137,"5/16/2020",,,180.2,,,,,,,,
1234,139,"5/18/2020",2400,,,,,,,,,,
1235,140,"5/19/2020",,,,,,,,,1,4,0
1236,141,"5/20/2020",2200,,,,,,,,,,
1237,142,"5/21/2020",2000,,,,,,,,1,4,1
1238,143,"5/22/2020",1800,,,,,,,,,,
1239,144,"5/23/2020",1800,,,,,,,,,,
1240,145,"5/24/2020",,,177.8,129,73,76,34,13.5,,,
1241,146,"5/25/2020",2800,,,,,,,,0,1,1
1242,147,"5/26/2020",2600,,,,,,,,1,4,0
1243,148,"5/27/2020",2200,,180.2,,,,,,1,4,1
1244,149,"5/28/2020",2400,,179,,,,,,1,2.5,1
1245,150,"5/29/2020",,,180.8,,,,,,,,
1246,151,"5/30/2020",,,182.8,,,,,,,,
1248,153,"6/1/2020",,,177.2,141,78,77,35.125,13.875,,,
1249,154,"6/2/2020",1800,,180.2,,,,,,1,4,1
1250,155,"6/3/2020",2000,,177.4,,,,,,,,
1251,156,"6/4/2020",,,180.8,,,,,,1,4,0
1252,157,"6/5/2020",2400,,177.2,,,,,,,,
1254,159,"6/7/2020",2400,,182.6,121,81,76,35.25,13.375,,,
